content	Labels
V-League 2024/2025,Thể Công Viettel,Hà Tĩnh,sân Mỹ Đình,FPT Play,LPBank V.League 1-2024/25,hòa 1-1,thẻ đỏ,độc quyền phát sóng,trận đấu.
SUV hạng D,bán chạy nhất,Ford Everest,Hyundai Santa Fe,Toyota Fortuner,Mazda CX-8,Kia Sorento,Việt Nam,tháng 9/2024
tai nạn,nổ nhà,Công an huyện,xác minh,vụ việc,thiệt hại,thiệt mạng,gia đình
Triều Tiên, tên lửa, Hwasongpho-11-Da-4.5, KCNA, Yonhap News
Trump,tổng thống Mỹ,đảng Cộng hòa,phiếu đại cử tri,Texas,bầu cử,cựu Tổng thống
Huân chương Đại Thập tự,Mặt trời Peru,Chủ tịch nước Lương Cường,Peru,vinh danh,mối quan hệ hữu nghị,hợp tác,hai quốc gia.
Nghị viện Liên minh châu Âu,thảo luận,cải thiện sức cạnh tranh,bảo vệ ngành công nghiệp ô tô,EU.
hỗ trợ,xây dựng nhà mới,cải tạo,sửa chữa nhà,hộ gia đình.
Halloween, phố Hàng Mã, lễ hội, đồ chơi, trang phục hóa trang
Suzuki Jimny Mata 2024,phiên bản xe bán tải,dòng sản phẩm,xuất hiện,mở rộng,kiểu dáng ba cửa,truyền thống,mẫu SUV năm cửa
Sở Giao dịch Hàng hóa Việt Nam,MXV-Index,giảm nhẹ,cà phê,mặt hàng nguyên liệu công nghiệp,kết thúc phiên giao dịch.
Nga,Ukraina,xung đột,Pokrovsk,Kurakhove,Donetsk,giao tranh
khảo sát,Reuters,Ipsos,ứng viên,giới tính,Harris,Trump
Trần Thanh Mẫn,Việt Nam,Singapore,Chủ tịch Quốc hội,Phu nhân,tăng cường,mối quan hệ,hợp tác,Nghị viện.
Cộng hòa San Marino,Tô Lâm,Phạm Minh Chính,chức vụ Đồng Nguyên thủ,chúc mừng,ngày 1/10
Đảng,Quốc hội,Chính phủ,Mặt trận Tổ quốc Việt Nam,trình bày,kế hoạch,sắp xếp,tinh gọn,cơ quan thuộc,Hội nghị toàn quốc.
Bộ trưởng,Y tế,Thông tin và Truyền thông,Đào Hồng Lan,Nguyễn Mạnh Hùng,câu hỏi,đại biểu
đấu giá,đất huyện Phúc Thọ,giá khởi điểm,bỏ phiếu trực tiếp,tăng giá từng bước.
kinh tế Sài Gòn,Việt Nam,cạnh tranh,công bằng,thương mại điện tử,ngoại nhập,nền tảng quốc tế,Đại học Nguyễn Tất Thành,Huỳnh Thanh Điền.
Gin Tuấn Kiệt,Tứ Hải Phát Tài,đội ngũ làm phim,FC,sự ủng hộ,trường quay,xuất phẩm,đồng nghiệp
Miss Grand International 2024,đêm chung kết,quy định,thí sinh,chung kết,Grand Voice,bán kết
phục hồi vườn đào,cư dân địa phương,bão lũ,cánh đồng trồng đào,phong phú hóa,Thủ đô,mùa vụ,trồng cây hoa màu,màu xanh tái sinh
Làng rau Trà Quế,du lịch,Hội An,Quảng Nam,trồng rau,du khách,trải nghiệm,tìm hiểu,nghề truyền thống
Tổng thống 2024,Donald Trump,Kamala Harris,bầu cử,Nhà Trắng,tranh cử,tương lai,đất nước,hành trình,sự nghiệp.
camera giám sát,phương tiện giao thông,đèn tín hiệu,Cảnh sát giao thông,Công an tỉnh,tuân thủ hiệu lệnh,vượt quá tốc độ,vi phạm lỗi
thị trường bất động sản,phục hồi,xu hướng,giá cả,bảng giá đất,phân khúc,bứt phá
Hoàng Kiều, mạng xã hội, khu vườn, hoa hồng, tỷ phú, không gian rộng lớn, cảnh đẹp thiên nhiên.
Tô Lâm,Anwar Ibrahim,Thủ tướng Malaysia,Ban Đối ngoại Trung ương,Đảng Cộng sản Việt Nam,chuyến thăm chính thức,Malaysia
Thủ tướng Chính phủ,Hội nghị Cấp cao,Chiến lược hợp tác kinh tế,Ayeyawady - Chao Phraya - Mê Công,Campuchia - Lào - Myanmar - Việt Nam,Trung Quốc,các cuộc làm việc.
tai nạn giao thông,Nguyễn Hữu Phước,Viện kiểm sát nhân dân,tạm giam,quốc lộ 51,xử phạt,tài xế xe đầu kéo.
siêu trăng,ánh trăng tròn,ống kính thiên văn,chụp ảnh,độ phân giải cao
bão Yinxing,Biển Đông,dự đoán,mô hình dự báo,cập bờ
phòng cháy chữa cháy, nhà trọ, an toàn, người thuê nhà
dầu ô liu, dầu ăn, dinh dưỡng, gốc tự do, chế độ ăn uống, sức khỏe
giao thông,tắc nghẽn,Quốc lộ 1A,Hà Nội,Phú Xuyên,tai nạn,cửa ngõ phía Nam,xe cộ,điểm nóng
Tô Lâm,Anwar Ibrahim,Thủ tướng Malaysia,chuyến thăm chính thức,Ban Đối ngoại Trung ương,Đảng Cộng sản Việt Nam,phu nhân,Malaysia
Ngân hàng Nhà nước,quản lý chính sách tiền tệ,lạm phát,hỗ trợ tín dụng,phục hồi sản xuất,tăng trưởng kinh tế.
Đảng bộ tỉnh Nghệ An,Bí thư Tỉnh ủy,Nguyễn Đức Trung,Phó Bí thư Tỉnh ủy,Chủ tịch Ủy ban Nhân dân tỉnh,Hội nghị Ban Chấp hành Đảng bộ tỉnh,nhiệm kỳ 2020-2025.
Tây Ban Nha, mưa lớn, cơn bão, phía nam, phía đông, mất mạng
Tổng thống Nga,quan hệ Nga-Mỹ,cuộc bầu cử,xung đột,Ukraine,Moskva,kết thúc,tùy thuộc.
RUN FOR KIDS,giải chạy,vận động viên nhí,tinh thần sống khỏe mạnh,lối sống năng động,thể thao,trẻ em,khoảnh khắc ấn tượng
Nga,Ukraina,đạn tuần kích Lancet,chiến trường,tấn công,mục tiêu,lực lượng vũ trang
Donald Trump,bầu cử tổng thống Mỹ 2024,thị trường tài chính toàn cầu,giá vàng quốc tế,giá vàng nhẫn,trong nước,biến động.
CSGT,luật Giao thông đường bộ,Yên Bái,an ninh trật tự,tuyên truyền,phụ huynh,học sinh
bão,tâm bão,gió mạnh nhất,khu vực biển,phía Tây Bắc,Hoàng Sa,hướng Tây Nam,tốc độ di chuyển
Hoa hậu Quốc tế,Việt Nam,Huỳnh Thị Thanh Thủy,đại diện,Nhật Bản,vương miện,danh giá,cuộc thi sắc đẹp,chung kết.
Minh Hằng,con trai,Bằng Kiều,Benly,TP.HCM,concert,Anh trai vượt ngàn chông gai
Giải Marathon Bình Phước,Trường Tươi Group,cộng đồng Bình Phước,tập luyện thể dục thể thao,nữ VĐV,cự ly,giải đấu
thoát nước,thi công,xây dựng,sân bay,hồ điều hòa,ranh giới dự án
Ủy ban Thường vụ Quốc hội,Đối biểu Quốc hội,Điện Biên,phụ trách,Chương trình xây dựng luật,flexport,trưởng đoả